x1,x2,y
0.47128303024795626,0.16469001457942434,-0.3018122866806614
-0.7021948235980342,0.07007755116933478,0.6977648020027355
0.3031840042870153,-0.8562478119064743,-0.9165760625429964
-0.8454984745788334,0.26683296434215764,0.8967329515755447
0.49140683699452614,-0.528997450444169,-0.8523195425857137
-0.3450386415477633,0.9266253109352793,0.9555925304397305
0.9674829086025698,-0.7626981955940602,-0.9873251126982806
-0.907727005739728,-0.6626450412535014,0.24263584078112543
-0.22420587020633076,-0.9495767842352512,-0.6634130259770661
-0.3827124387439045,0.8083400113313246,0.928759606483042
0.85365714908589,-0.4207599710286629,-0.9564002420849415
-0.4912093742221606,0.3406239056964704,0.7391673665333757
0.9495205522374088,-0.9334207566305914,-0.9516770342632432
-0.16936463507500377,-0.26081678545034404,-0.09132472705951185
0.9674063618262325,-0.622432625005438,-0.9998186940282694
0.5194653300925491,0.28826529570916715,-0.22914579225349468
0.394381501959822,0.9270321626475244,0.5078185713715311
0.8629815724143799,0.12042851961916146,-0.6761710612684473
0.47660778188360986,-0.6375430379745213,-0.8975366741117758
-0.9646710759387693,0.4855598940044945,0.9927407970759582
0.17278937142391593,0.21747266353941952,0.0446684245150014
0.7373473505131685,-0.48107544777333766,-0.9385561898486344
0.08313201631171685,-0.9020983509465528,-0.8333994298739346
0.9122819075084443,-0.3457622879996678,-0.9514904029350297
0.7795816589521813,-0.9414375073495305,-0.9887377526666551
0.0840982537726882,0.14640276844780198,0.062264213008315555
-0.095557316234536,-0.1709044571805638,-0.07527586782070667
0.7657891740464511,-0.17605296991201058,-0.8086432040161641
0.9971508844191912,0.08499726889638803,-0.7908236801592822
0.13422240439499755,0.8511872634158935,0.6570998019479464
-0.8016680837967871,-0.2992020199533387,0.4815882532306742
-0.4725951328775031,-0.4696061744791684,0.002988953947841229
0.39722039473223836,-0.8891255449161635,-0.95981603545416
-0.7055269565333782,-0.036969176060686504,0.619854898691551
-0.92714280720234,0.60670866525663,0.9993176164910494
-0.4964620815742593,-0.08790875891067018,0.39728213341836155
0.04188862666915272,-0.6559522133635542,-0.6425647702270015
-0.14661854646956018,-0.38853886328329157,-0.23956746364770615
-0.8708728684411491,0.216715177655741,0.8855088431609123
-0.9665865616558265,0.011684951294477441,0.8295333240882359
0.928328451730956,-0.39909845550627976,-0.9705315427000648
0.17891892122502728,-0.19078542485814598,-0.3613397699328584
-0.032204699096277656,0.9524398247389103,0.8330755081227184
0.010532159844850453,0.4055544581224815,0.3848287699462221
-0.6153645785202839,-0.24231625821153546,0.3644557798350839
-0.8553578335235605,0.36893548963437794,0.9405660790080804
0.3778996010111413,-0.059042872644148536,-0.42317117639135643
-0.7065855965782692,0.06991369826841276,0.7007864162795288
0.6049923501967438,-0.4316344410237125,-0.8606917374208076
0.2350416357008187,0.5008551012345168,0.26269425089313414
-0.8337648957623605,-0.6221514337388268,0.21003764356261542
0.7484625098421231,0.13511434908296382,-0.5756085573319758
-0.09320992679951323,-0.7106994536757241,-0.5789901117131323
-0.6663635172870064,-0.4013356286759937,0.26193618313701605
-0.9849555815727271,-0.012745659339396864,0.8261329660544288
0.6591308243101184,-0.7419044172050091,-0.9856251589340624
0.6286322043023178,0.9379695399049397,0.3044274919591414
-0.23143690561477692,-0.5851611805652355,-0.34639390359966876
-0.7999331634749667,0.33577173253972536,0.9068315086270773
-0.8624587643904249,-0.05918123720384694,0.7196357090099532
-0.9267431914509416,-0.7070873188386111,0.21789377712585123
0.25829854505502414,-0.2851763369473681,-0.5171133180724719
-0.656477900980118,-0.10148666971804232,0.5269358476288205
0.13479580433026417,0.9876277212120383,0.7531464075149226
0.28672946055487847,0.5032375119049664,0.2148205157132958
0.9576164421516902,-0.25064725921935427,-0.9350016444432027
0.004149004162532721,-0.06575134971126362,-0.06984344489758791
0.8738146800961526,0.9202697363092871,0.04643834912139496
-0.8720908811543062,0.6200588924163417,0.9969089535748837
0.12932390162921648,0.4439635164079796,0.3094737981525585
-0.6647797922829952,-0.6032477463611052,0.06149322457494582
-0.4484478835700412,-0.17406749376273267,0.27095055640640336
-0.7943129030589113,0.8107303940234669,0.999413629827023
0.07345347268398528,0.6230147429059774,0.5223131507439328
0.6738225315572772,-0.5871066500253799,-0.9523740899814617
0.07020903152996882,-0.868056492639947,-0.8065339131125682
0.24311896847902625,-0.24775413283339764,-0.47139607466969485
0.6657089697740097,0.8169718247771833,0.15068668748230873
-0.09947452448506411,0.8159673484177998,0.7928319594232115
0.7211266590981884,0.5096221045288141,-0.2099311642289957
-0.913415208535636,-0.48556564393247137,0.4149151679305762
0.8526367877664112,0.3721022918182768,-0.462253204749248
0.30194998633330705,-0.7492119879288657,-0.8680008046246696
-0.15836740170386698,-0.3729465479069729,-0.21293624519411594
0.7625229157134954,0.47132268570696345,-0.28710213191715844
-0.5933256125240463,-0.08466935672965392,0.48700406112252215
-0.9510458597214337,-0.801020697956554,0.14946301165167383
-0.9998614410853166,0.6906129455171903,0.9928471245741795
0.17796781860424415,0.5928205605120145,0.4030551677310135
-0.26535575813460754,0.41809839400054893,0.6314751220307374
0.5524069692010922,-0.9736730147023853,-0.9990003909200006
0.19469812301910472,0.6036955521946825,0.39768964922831324
0.4826346004582551,-0.13430480503766828,-0.5785414911493438
-0.7150002982584744,-0.22568537154058577,0.4700213151127392
-0.1604248422048462,-0.8971217891400365,-0.6718450369363056
0.3468072513130134,-0.34635021247200415,-0.6389691865366083
0.4353197596417304,0.39769502779809085,-0.03761585541533143
-0.8132060448438878,0.048489739216557526,0.7589478657665083
-0.8398809813507526,-0.2273091958162441,0.5749735221976635
0.607144300724537,0.46040047052787725,-0.14621773941779967
0.11583022671427745,0.02223812484737464,-0.09345552531631117
-0.583391448153306,0.3085797455160293,0.7783109300292922
0.8476755202097841,-0.500910665075484,-0.975412747880065
-0.22469848167012052,-0.6206547016015178,-0.38569060045926834
0.7203638125542977,-0.14379913012176893,-0.760552048098961
-0.7266380323284309,0.33618505021525413,0.8737321305072688
-0.06303601305049344,-0.6813835902633412,-0.5796894965831897
-0.09100327030071687,0.046504213915904424,0.13707455473532926
0.827287727082513,-0.7142739859726419,-0.9995726991142199
-0.29329348986563764,-0.6116752056676413,-0.31303001670909336
0.9715344566985356,0.04814003086921037,-0.7976534441680279
-0.18209108219027725,-0.013396264304123884,0.1678958377216922
0.5830546655557187,-0.6743299387724586,-0.9512872539965037
0.811674734670889,0.5297652051165835,-0.27819030737355527
-0.8609947549940007,-0.37504522746294766,0.46704817237535345
0.42585086860133337,-0.9770291344756479,-0.9859351483432763
-0.4888643162333577,0.08018455683984782,0.5388310500805249
0.12835073546548537,-0.15637026480819616,-0.2808896950175508
-0.6970027719868235,0.695799803128115,0.9842008903274271
-0.0689190149386103,0.8500811537606714,0.7949955045154959
0.46898410023119075,-0.8483031686724258,-0.9680383033374855
-0.8773307167917992,0.7765603030718644,0.9965496220042998
-0.5461475606354707,0.6186649103568038,0.9187142947518149
-0.4721435665177063,0.3401834303320481,0.7258896726279113
0.5122840054406235,-0.7894563599827455,-0.9640222716475672
0.6607015066670732,0.6507822515961399,-0.00991909240980231
0.7889523513445498,0.2545134693818032,-0.5093582469466537
-0.030821237548361857,-0.7899930463371381,-0.6883209060996708
0.10221948992447816,-0.14437882399377688,-0.24410659829948284
0.3956556354708316,0.20801763766265324,-0.18653887415076548
0.5742864419447198,0.11690109560422823,-0.44160372518761115
-0.6292378868241693,0.6262610347867634,0.9507041958418959
0.03199648993461168,0.6710778343317931,0.5964583397090617
-0.08252518391951069,-0.5901588523506038,-0.4861106791504996
-0.6711302505921974,-0.7195237489760675,-0.048374611559110825
-0.4644541845581289,-0.33648613341740496,0.12761907332963796
-0.5829306544328137,-0.33969208873677914,0.24084711622476876
0.5511080582328804,-0.9089838612294718,-0.9938785227276539
-0.056203459296958025,-0.8202388031059722,-0.6918407904900273
0.4631813908105238,0.9217208981782583,0.4426389558808354
-0.16171177383867286,-0.966892654246448,-0.7209560014492709
-0.2266204550554627,-0.45215313410609026,-0.22362558285382375
0.6820413085826031,-0.07696620956061384,-0.6882017193380954
-0.22634729801092957,-0.8988109154373396,-0.6229151372898638
-0.995851572624558,0.7696950838324368,0.9810960167283935
-0.894553512333722,-0.4535542136000479,0.4268433694357474
-0.17624312418809462,-0.4516729196921676,-0.27196055788568335
0.8000473482148636,0.6990532678711843,-0.10082248123902975
-0.5169656997725283,0.47359304809215375,0.8363324273692333
-0.9616858953076883,0.8055114342381027,0.9807752393855732
-0.5796871231479426,-0.3218966955095619,0.25494461748305886
-0.5581302532550327,-0.2979314845141283,0.2572726349315673
-0.14977175874116622,0.3547070112936339,0.4833512074632016
-0.787052015148124,0.7202332700965619,0.9979838516407787
-0.04063005765005134,-0.08276967679916392,-0.04212714870247552
0.6425348045208621,0.6680032353440088,0.025465677601167958
0.5404984454776507,0.7814838042557144,0.2386596272757146
0.2372693764155096,-0.3050672482341339,-0.5161387295334954
0.8517841016188352,0.9735475248214518,0.12146276203360698
-0.3131245064345043,0.8419777286422152,0.9148362492908425
-0.42744032983857716,-0.41773792830235057,0.009702249311768173
0.28997365259133456,-0.5816603169040979,-0.7653815431407102
-0.9549238220188225,-0.8243068236549635,0.1302459099719505
0.9720950064435656,-0.6031376178056111,-0.9999901596485874
0.2339023332468717,-0.3488528327236817,-0.5503264472979228
0.578036365503398,-0.08887994229827778,-0.6185659735868505
-0.7455129320688993,0.4259846950208732,0.9213338666797217
0.6904801087940655,-0.6665608803902103,-0.9772411828999481
-0.6144368226967774,0.8786429443681041,0.9969815878639202
0.6302569367391855,-0.8116156262892535,-0.99170083639395
-0.35560845331732205,-0.7065907167007861,-0.3438203533053491
-0.9061468368394778,0.08074224881273473,0.8343150087561014
0.7610570312367657,0.5954580915655705,-0.16484310657955575
-0.6282911810462086,0.5587107382804211,0.9272505303249283
-0.06950358047846295,-0.17167942949229675,-0.10199815744880195
0.9050886354226348,-0.6288943712159047,-0.9993224662520224
-0.05354199616762134,0.08549678517417991,0.13859123623478106
0.2610234748328828,-0.01773600769643835,-0.2751632301688163
-0.7058396760503476,-0.5177060945227274,0.18702573624966234
-0.8342968926026078,-0.5006533372414745,0.32748782750728617
0.6427649087428771,-0.5868981754647016,-0.9423761384731244
0.1963490873945315,-0.6824057301332598,-0.7699449121597868
0.286567078189206,-0.8887593903424107,-0.9228156571789892
0.7546493953631532,0.16184959547139766,-0.558685306874636
-0.057913064633750455,0.31841911631999564,0.3675118082376226
-0.04407157543338558,0.8316252577402159,0.7679899837242956
0.4741735756915304,0.3123789114477282,-0.16108969060160547
-0.7054025379679418,0.055580951164314385,0.6896339801549547
0.44694048354487337,0.6701500187449863,0.2213606709153241
0.30506100277767856,0.022011622746143766,-0.27928498240935257
0.6432745436206435,0.4599542954000655,-0.18229518587984422
-0.46690801689310724,-0.08190888342158864,0.3755583336501218
-0.21756956644474967,-0.4969135654644248,-0.2757251358365854
0.08139200166308691,0.7799826099046403,0.6431390854871838
-0.20319120468667173,0.8477057863077055,0.8678691933219514
0.12084915985544353,0.9213967449364115,0.7177374895309043
-0.1847991795727788,0.8387409083575512,0.8539554401685576
-0.9492358214788077,-0.7994020624755116,0.14927375611990698
0.9780805394743801,-0.5935196203275381,-0.9999996769262658
-0.04460482349033845,-0.3434758226009498,-0.2944414428032219
0.08815461023633486,0.6058907044218571,0.4949142053134117
0.934843671330138,-0.5753036443657802,-0.9981614124034761
-0.28341862277002794,0.6148144731041592,0.7822273622279066
0.3498808171311938,-0.5820129198403126,-0.8027506431219643
-0.1515798889215607,0.24559482036383495,0.3868145264770258
0.23335636460139542,-0.4194865988040226,-0.6074471941041761
-0.8357694828442257,-0.37395588922396916,0.4455724510680996
0.3394657934661949,-0.20579288667235796,-0.5186392776030289
-0.6276053143491882,0.8617923646621575,0.9966889588500919
0.8351814707452574,0.07623374362559443,-0.6881583385606964
-0.8654213121589251,-0.4873486056949641,0.3691299722872377
0.8950148647435427,0.2695135365850705,-0.585503758044498
-0.02139249249614439,-0.8178561372303097,-0.7148878080401856
0.12698147152179273,-0.23204692427200202,-0.351364745851679
-0.8257939604062483,-0.6413769163881349,0.18337349373739772
0.41410583771284615,-0.6370717361467966,-0.8680085506986794
0.7249836102130711,0.5198798272144465,-0.20366876869310355
-0.31858339665115953,0.3169356437991755,0.5935952992110443
0.07483067673429966,0.7838488946911122,0.6510889109191114
0.2711850551821504,0.36208491223020856,0.09077472777414665
0.5629693275071366,0.14821433782253157,-0.4029657053478057
0.3030409842595043,-0.6333457505358779,-0.8054217728867114
0.9976714459837457,0.2658310513309363,-0.668239919854102
-0.7085058450905695,0.7665591237915739,0.9954212519843066
0.3825859383690611,0.3011056525298428,-0.08139015732427102
-0.6521731257469006,0.24075712589990728,0.778912744402639
-0.2703830608991482,0.1468271930090097,0.40521158332675244
-0.9749824490526104,-0.22923116625143525,0.6785238779697765
-0.5266653157121324,0.16594186221067742,0.6385457921370375
-0.8320854821802639,-0.19102026461885901,0.5980495088726842
0.6367680118738277,-0.17636187483391552,-0.7264416752022194
-0.041176221855183215,0.5656958630985784,0.5703008724903723
-0.16071592608110463,-0.2125278728113531,-0.051788768504536446
0.2638051284050067,-0.251343936896004,-0.4926645740100685
-0.2771479883969885,-0.4695816306747089,-0.19124818037199814
0.15861573493145587,-0.03325316682498891,-0.19069383352548763
-0.010856305891558726,0.5567884639420819,0.537647683295137
0.9727480239856487,-0.4175906493438579,-0.9837616562548931
-0.638962665627594,-0.6385325795931391,0.00043008602119570203
0.949614002333194,0.9225106984485849,-0.027099985707968764
0.8259974299641344,0.9371888843832177,0.1109624760236404
-0.28398515627004994,0.8246198848960089,0.8950775298958848
0.23691003963634238,-0.1559359088983001,-0.38281911550109615
0.8665042969998302,0.2620243207365569,-0.56833427876025
-0.4910254039340902,-0.990620994634742,-0.4790705968606272
0.9337456536250928,0.291880780991159,-0.5986902084761537
0.9212515224423412,-0.6233843961033361,-0.9996578360345942
-0.022977257316314725,-0.30820427129234007,-0.2813753006560585
-0.012086582603557883,-0.33052548829700923,-0.31308433190955137
-0.9974970125310989,-0.8435632046106081,0.15332660167516726
0.018473512388095914,-0.4729362907911263,-0.4718693357333135
0.7050979315951473,0.9596139341335825,0.2517770325292109
0.9227633983676136,0.3136364845977253,-0.5721516184509141
-0.4930971577408607,0.47007693878667167,0.8210078464120287
-0.8493612647119211,-0.25177988912124016,0.5626446469709564
0.23143555039158414,-0.7237031699950776,-0.8163938587013526
0.27794197622950323,0.07921933470156484,-0.197417272710258
0.9534068416864303,-0.09852822617165269,-0.8683844347077625
0.8756617319995756,0.17326042590018353,-0.6460524483160294
0.5582640383041302,0.36607544879723997,-0.1910076451157472
0.3388592951786089,0.7795119480104309,0.4265298630435031
-0.4683128660590996,0.253155718029479,0.6604880504458539
0.6366678080174377,-0.7447045336631026,-0.9821128577349133
0.25697278205238105,0.06411590411972434,-0.19166358668016847
-0.533620265754309,-0.5021568587518461,0.03145821608052521
0.6027023006987133,-0.6068075807726152,-0.9354428678357499
0.11029644927759064,0.7943703460126037,0.6319555482994812
-0.1597531042816287,-0.5689981719307,-0.3979168502830564
-0.5478207759143854,-0.34561555699421875,0.20083010734050422
0.14039276254382083,-0.7012885143664562,-0.7457642568415884
0.21334959582795232,0.2530366204282626,0.03967660718043771
0.5470032779226708,0.08885074464938048,-0.4422919231058354
0.42369038396469083,0.4776194152089892,0.05390289438185071
-0.9992851970598573,0.2512021474198436,0.949138177268019
0.6848142654504938,0.6918836858858304,0.0070693615510934
0.7180762739039277,-0.22140031156797835,-0.807249286177989
-0.7882483926105233,-0.15543519837961983,0.5914155620063043
0.43016409806187617,-0.4352056980560821,-0.7613350761830605
-0.5123566581245693,0.36311288165304867,0.7678443911379673
0.8759682846700574,-0.6775103352410152,-0.9998500522616802
0.4759077866056267,-0.9595765634893045,-0.9908592939422077
0.9411425587254021,0.1694916788942593,-0.6973194737092867
0.5660047482448787,0.14359610257323152,-0.4099585758312648
0.5142253657768456,0.7613550833966263,0.24462189170048576
0.992670289543564,0.886950163917728,-0.10552330117062553
0.474131176341706,-0.02460273318175976,-0.478314055721122
0.6130754179874183,0.59864307389131,-0.0144318430763525
0.6543836621357804,0.8407060399731237,0.18524618543049118
-0.8806160413898418,-0.5827122768080335,0.29351694865554817
0.7947431343142282,-0.7658470733783946,-0.9999479180185302
0.895425362346991,-0.49607825593107524,-0.9839700727806596
0.7802314879903098,-0.1566716456973607,-0.8057277361859284
0.9077855783294617,0.7227470908326168,-0.1839843641476379
-0.12141404178287307,-0.01863717487464589,0.10259602232905231
-0.9376992524698526,-0.09756846256780483,0.7447304109992907
-0.23633741718342227,-0.4588999287934825,-0.22072965238988054
0.5844806072440778,-0.9056992179933077,-0.9967522493431554
0.6129374452485468,-0.8003850732207525,-0.9876266012096434
0.2031764809147243,0.9945796253427563,0.7113401694496754
0.8828664012945568,-0.2313165218868185,-0.8975508292826079
0.7430160668726509,0.762104786936254,0.01908756082919202
0.677814404186738,0.10220597333479509,-0.5443452804790646
0.9203344198567582,-0.8279719876641936,-0.9842864117476878
0.25997211478970117,0.9520293465264373,0.6381224659050677
-0.30113345245010414,-0.44849903773158517,-0.14683278384507398
0.3888354040836617,0.9046643791347064,0.4932561306724948
-0.500141210549309,-0.1885728473846069,0.30655186553674363
0.17563176734254826,-0.3009261021832912,-0.45872329367877207
-0.4965715575976213,0.22313201507237346,0.6591617872399759
0.8480962212293213,0.7319046186916469,-0.1159303383940771
0.7574104196459566,0.6914715498995727,-0.06589109715158484
-0.5258032313986079,-0.2103719512529596,0.31022650200234214
0.8848575554865075,0.4676440555820376,-0.40521455088888925
-0.30310145061569016,0.08877087241416892,0.3819194762518393
-0.7593175024915919,0.7371083818090194,0.9972357930544816
-0.8495075683876663,0.04166660315536297,0.7778102493813357
0.1696780571279881,-0.5385753791396373,-0.6505082501420486
-0.6821462424882612,-0.6008893369627122,0.08116751608674598
-0.2976035238852819,0.2794016027520494,0.545516383143071
0.20851574118353122,0.7918602934541312,0.5508184595280508
-0.8306356436777578,0.9114311152397878,0.9853690369108331
0.6294795948798717,0.5728116532484109,-0.05663761729326371
0.059357318121527225,0.6115101226720976,0.5245213349694341
0.07408733906274545,-0.9028281671124063,-0.8287752898953034
0.4295685459423566,-0.3360009381181108,-0.6929477019961989
0.08317911131786349,0.9238976110061565,0.7451224995539661
0.7243001843391479,0.028481852820663178,-0.6410137475907445
-0.7111818848643174,-0.7374302011492817,-0.026245302320411057
-0.2776744559375779,0.5173919774919622,0.7139101256783823
-0.2582358522060104,0.20985747067084626,0.4511855303350916
-0.521455963011553,0.2801280721159267,0.7184587983561274
-0.645102115186462,-0.1883973250445632,0.44099302100320464
0.9386348307656045,-0.31151570583217225,-0.9490320761584479
0.3142017033831288,-0.8665222194712934,-0.92488153029362
0.6956834383621262,-0.6776776127215587,-0.980572885996335
-0.9707226572208854,-0.9662980070885545,0.004424635695059081
0.27871556315648194,0.10514725947766634,-0.17269813027268077
0.5636765613404824,-0.26680705457331744,-0.7382576654593498
0.006737752492096405,-0.07181513901590786,-0.07847213058301719
0.059333330999087774,-0.6980220740217871,-0.6870021405538312
-0.0972270420240049,0.3497694874106314,0.4322591099349589
-0.5272465304328957,-0.11777970890266021,0.39812028227250745
-0.194439944717413,-0.6617613094810089,-0.4504964772543373
-0.8790121481466844,0.3388995110814783,0.9383796596336975
-0.33240543564764224,0.8091009892021002,0.9092615396278415
0.9402649359117292,-0.7674339028310941,-0.9906434783754875
-0.18400357782372034,0.33373673146245686,0.4949178679863536
-0.5555447912868179,0.4388259726509556,0.8384161792897169
0.9302575709283825,0.34872264700297473,-0.549307197252063
-0.7569932301816766,0.9782680202697505,0.9865061016697412
-0.6828183393164922,-0.6174762580562756,0.06529559389561625
-0.364682263656674,0.24917817504273265,0.5760273844562888
0.6723843633376063,0.545784342068762,-0.12626211049045769
-0.0248720110953351,0.9407864606625489,0.8224236831001348
0.2845522621529566,-0.8824977583605575,-0.9195956535827122
0.7412073600871385,-0.05743053117601904,-0.7164064354274565
-0.8039646413853434,-0.6984749238436829,0.10529417669484609
-0.7633674054308173,0.9581130115402834,0.9886686174234167
-0.9113359812559381,0.12118560239222176,0.8585944210774614
0.9964733442772595,-0.7578836344063493,-0.9831999954487877
0.7752931125338811,-0.3856913741774093,-0.9171958088790464
0.5067031362163832,-0.07712858521668964,-0.5512249977493935
0.08471464407558504,0.8381286670538066,0.6841327853475276
-0.5730504319954182,-0.23024516813319185,0.3361304520778878
0.9714205043680162,-0.520685614068388,-0.9969055228373587
0.04601194232634165,0.801663287121521,0.6857628791361751
-0.5306601598444651,0.4065570528479807,0.8059137210685279
0.3077051481427451,0.688228362908923,0.3714063096705517
0.5778083271301817,0.4344222957864139,-0.14289521069289127
0.01956409641282364,0.7231026878136075,0.6469201122530917
-0.0669849627778949,0.7395100751007506,0.7218660645856283
-0.9361953487160064,-0.894360396666438,0.041822750118370215
0.8073344431168306,-0.09348676254325627,-0.7838371150649279
-0.8790229954934852,-0.5581829467439217,0.3153638535563759
-0.17453071723102687,0.6059832606282185,0.7036447201088991
-0.028026241917908035,-0.7892667845661219,-0.689820104757798
0.19904723856814255,0.31676168856101694,0.11744278280719463
0.408203838173413,0.4655485226229814,0.05731326078398915
0.3324700652936965,-0.19204787391631584,-0.500795807710469
0.7699004690318776,-0.11088267496127058,-0.7712376235866121
-0.3238642663699087,-0.39737560464639765,-0.0734451479700392
0.11463507408200124,-0.6624295573271637,-0.7011895990646313
-0.6185183781977404,-0.6396254059097504,-0.021105460526828376
-0.32898099095688726,0.66405333860733,0.8376870332034198
-0.8528531315875754,0.47828704520455734,0.9714196514758453
0.2291589526461375,-0.6905911404754557,-0.7954501965696872
-0.9189719486300298,0.17745820070506846,0.8895824143918559
-0.6770098811167526,-0.05707067961219847,0.580985676877809
0.9586186132719696,-0.9206727605550131,-0.9527915901506555
0.9669166917030692,-0.6845041068303233,-0.99675160747913
0.9253817753792748,0.7135817193381606,-0.21022007162583545
0.25542804385800366,0.16000875917759094,-0.09527455436522225
-0.38879524297073353,0.27744157169073413,0.6180319307362924
0.9093776555313922,0.0228283755227896,-0.7748952007001803
0.2395881248343119,0.16572218873574918,-0.07379878349002976
0.1256613315135371,0.03396048704965149,-0.09157237906997823
0.8127540113111225,0.1497803268349749,-0.6154633253136271
0.9850047670621387,0.2858919358589993,-0.6435388896819203
-0.4229151593422027,-0.6034440787588642,-0.17954992239136117
0.596480856275504,0.7598265656494416,0.16262028434337494
-0.6194367607066331,-0.9638331527308981,-0.3376285750235986
0.2475541684955882,-0.39145096445950034,-0.5963971673174582
0.11981808078916911,0.8432570747546702,0.6619662230792488
0.6523968273979488,-0.956588215628789,-0.9992708995914128
-0.4454238346006605,0.6507290979674061,0.8894557546056238
-0.8756005481363021,0.20759066379646884,0.8834574221800587
0.45248904280975943,-0.30205174862110473,-0.6849541678816518
-0.44124220194579156,0.02652444854559377,0.4508939739720519
0.9398170598645077,0.7071456322287222,-0.23057778627383013
-0.04634945792669232,0.5529069023342716,0.5640285649666602
0.623140194905861,-0.8989047033199955,-0.9988118844505679
0.6496813765579106,0.1688548038862394,-0.4625121834721524
-0.11548177615089106,0.7653827067404129,0.7712893970953147
0.4573947284681379,-0.0736113974906707,-0.5064011777764642
-0.2984820650934039,-0.5967584064431461,-0.29387309447829746
-0.9681646243732165,0.9812680761594541,0.9291695688981082
0.8875530632441855,-0.6136685447405639,-0.9975806554191445
0.8516392836077191,-0.5524689930751885,-0.9861396839065848
-0.3327012966094871,-0.5211209490638806,-0.1873067518023974
-0.13477730224695872,0.42942334737465626,0.5347405228108405
0.5032911457441345,-0.49821739647887386,-0.842285095872919
0.1511108086892048,-0.9784602377371048,-0.9042290889286283
-0.694423564070151,0.6340159232643718,0.9707750507003717
-0.6281903425031792,0.13657928146502973,0.6923707909824128
-0.5750615934373993,-0.7416211696886092,-0.16579052525397098
-0.35168262666865924,0.6585974276109152,0.8469807612785469
0.6771741835466536,0.5251560494240075,-0.1514332994503276
0.6219158280974197,-0.4855475775589162,-0.894567879401059
0.6197295266396103,-0.6399010868701356,-0.9519773120039994
0.9380891212567375,-0.5352751983372037,-0.9952572556723299
-0.9915761282091136,-0.9013736721821626,0.09008018398799929
-0.1952326093835115,0.5796124485189824,0.6996053730544667
0.4451004622403951,0.12008016232642049,-0.3193280230194324
-0.25528462731645396,0.7606640060934662,0.8499806873621847
0.935885989218358,-0.060078497565743794,-0.8392837418075054
0.15695944699518605,-0.10390916088848212,-0.2579198687592902
-0.28675562763793727,0.396838864419502,0.63158393484553
-0.7322379638330381,-0.46470138584306,0.2643564553288457
-0.5188955391508054,0.10228262358150664,0.581993638323802
-0.658557983079703,0.43277373447246403,0.8872420279444014
-0.2641810916524874,-0.7920577245588751,-0.5037001467942951
0.4532321886013635,-0.19816884538056012,-0.6063011518664262
-0.30555333599593104,0.5543689721026666,0.7577918715006993
0.36020093861583047,-0.3378995956510591,-0.6427637344265934
0.9797755619766009,-0.6262752682336497,-0.9993786243564153
-0.10068566075915864,-0.6082903406501399,-0.4860853459407025
-0.4960112116166806,0.8859321964042854,0.9822202255043389
0.13138392996672676,-0.6729667178488075,-0.720380417764097
0.3263783984939779,-0.20917760954020692,-0.5103192768660996
0.5772752517718935,0.6295442369759043,0.05224518823587978
0.6370994976697688,0.4394205423629973,-0.1963940193677339
0.912660649902292,0.12460590572989982,-0.7089827700839338
0.47811966626788105,-0.5926805409492786,-0.8775844222572989
0.33957519973251715,0.0561421497627399,-0.27965336488759435
0.881989910594815,-0.4705845914318012,-0.9762839567885417
-0.36111526230371416,0.7957001039243516,0.9155267117143613
0.13412812827884601,0.7661110587687803,0.5907458610130474
0.634282613118476,0.5777114666153795,-0.05654097727508652
0.3458167241586505,-0.47371563547874596,-0.7308267156195437
0.8578631261027341,0.2739929066513167,-0.5512571184181139
0.6862491893579108,-0.3686010481634403,-0.8698263509371467
-0.3995380244889737,0.7399928383931429,0.908437487050633
-0.8696101399412808,-0.295531039592106,0.5430617482933918
0.34541136919963167,-0.5999550577043933,-0.8107115113205454
0.47041197819731706,0.40481069561553906,-0.0655542398763068
-0.5504142486237362,-0.09936617919793189,0.4359090261221672
-0.42815125118749187,0.5121667861493138,0.8077456341733718
-0.22272404399011436,0.01686815030026323,0.23730648950036987
-0.9401105634299711,-0.4458654992556561,0.4743671960625791
-0.2169115549019387,0.7461017515248944,0.82091603801231
-0.8986738306159348,-0.6256627149239036,0.26963224877130365
-0.38128215369498775,-0.3210988343554748,0.060146994934527444
-0.07843729381506459,0.25529802356031484,0.3275745279628745
-0.580340539251349,0.08636733921743711,0.6184021903748836
-0.8519680739163433,-0.16839915637307246,0.6315641065261173
-0.21886018627464177,0.034623345541710204,0.2507776885551487
-0.40521904472439485,0.24376432981124108,0.6043767740757563
-0.9463044460456846,-0.6947187082582831,0.24894008859387864
0.21782439986676683,0.021785709526596975,-0.19478543499161907
0.41142948901731,0.2044954467610276,-0.20546032331650083
-0.43351016297772316,-0.941900546923899,-0.4867718315188626
0.7126900592363683,0.5098371401838044,-0.20146456911594843
-0.1262719588569423,0.7551671985471409,0.7716550412020933
-0.5600850936706974,0.3449376094669634,0.7864391781507506
-0.45241424570296873,0.8897910922789665,0.9739866512642565
-0.12428292498314297,0.6448672071186927,0.6955248580682724
0.0814852683559768,-0.3223335683932216,-0.3929328757910155
-0.9725959075385946,-0.826964969296879,0.14511671802552936
0.05884281791022827,0.7469791757416329,0.6350987510599707
-0.9185901281554913,-0.3518058664341499,0.5369219300496426
0.69033278165861,-0.18484241521431954,-0.7676557911010917
0.1716755179138405,0.39633813872455925,0.22277747419491623
-0.2724119868038595,-0.1043695359388277,0.1672526955381326
-0.8064749977828338,0.3925164549924598,0.9316731571016574
0.858625494997256,0.5481419007489279,-0.3055191437913556
0.459919615459383,0.5217140652676755,0.06175512974213847
0.2765991865952966,-0.6194457694919357,-0.7808622947781914
-0.43813673123905317,-0.0926324906777336,0.3386711626474524
0.09389616772260823,-0.039050683500584826,-0.13255556090336704
0.4156211717903424,0.0900659238863708,-0.3198349176880174
0.8216527632721957,-0.15496993668090342,-0.8286114054083039
0.23046481370344507,-0.2373038915529757,-0.45089580800817386
0.4831083856914693,0.9599974716671329,0.4590175805492153
0.12728422714076926,0.6653290342134908,0.5124580240601815
0.12300083796472605,-0.7575413868385226,-0.771084244734249
0.04409612705809218,-0.7900354925176203,-0.7407133947398042
0.88864359375657,-0.12299529141478827,-0.8477023656058416
0.3654580796537654,-0.9597694942938437,-0.9699992134698115
-0.8889327520043102,-0.4217679186420198,0.4503567239123164
-0.3046450319600087,0.3316246957840221,0.5941992577872226
-0.4332701851605989,0.5593715286476812,0.8374725413303558
-0.8437804500871253,-0.542990138864857,0.29627512744139384
-0.8928386884632158,-0.7691607981343367,0.12336283067180459
-0.15704800292052434,0.07743154459352786,0.2323368064935194
-0.5139580876863543,-0.6903675840048991,-0.17549593261684338
0.1479091785082236,-0.630695367185627,-0.7022866874191231
0.7434732994196163,-0.23488879729749979,-0.8295839078432335
0.69705813375104,-0.9048262558916182,-0.9995168050920881
-0.6378437741662377,-0.22458682938576513,0.4015942204203952
-0.4294940886509371,0.24673570198349126,0.6258569500398212
-0.6009668620358823,-0.8626273196203136,-0.25868484632269284
0.5797715002892236,0.07049751538842619,-0.4875434925896733
0.871262011068263,0.5290055515060903,-0.33561352912270365
0.05151211891146468,-0.2409828959927125,-0.28834216533550167
0.8630166565604751,0.6801129849874077,-0.18188557364828586
0.9419971991831357,-0.743456700994428,-0.9934340183930618
0.21937759744016727,-0.5414702168743359,-0.6895357237879037
0.5246833361642498,-0.8960627925835583,-0.9887635751878603
-0.7110834307467997,0.6480778087426897,0.9776887573524343
0.3449520005772466,0.8614137108875595,0.49380643825412773
-0.22253838353755273,-0.11105525042212872,0.11125234876212613
-0.8335082386339596,-0.32202079435110464,0.48947486518884464
-0.200328862020539,0.05528888201930093,0.2528431287004493
-0.9616674309029443,0.8942786781968215,0.9596195294815931
-0.6130881282850147,-0.9004712377643185,-0.28344362953612334
-0.4472660972693534,0.9199746384894536,0.9793539973320525
0.15805871788904002,0.46394275934224827,0.3011362980015631
-0.783833104599795,0.2668394252041517,0.8677576607619132
0.6006832222119465,-0.8235581376765502,-0.9892800287426651
0.7751328558591464,-0.4197065878553652,-0.9301567159818118
-0.8330979791997175,-0.4919014288751551,0.33461490654050113
0.7243836834743547,0.8687189136191595,0.14383460413424248
-0.3043739211408274,-0.21525532192169727,0.08900068088323251
-0.0246520524769982,0.49204448449187144,0.4940106232889348
-0.7403644065748591,-0.6115462223871693,0.12846220883834697
-0.626076161412437,-0.4082127943411922,0.21614399191127273
-0.47360117183253436,-0.7310902904663803,-0.25465325346827583
0.544140999119193,-0.36074959843557086,-0.7863575739336569
-0.07748624202706811,-0.6061779609026134,-0.5044041146872082
-0.5427980356641804,-0.43942745581980924,0.10318658418755501
0.19860668161585315,-0.7355358176885567,-0.8040895826468748
-0.2896322267386138,0.9718011995411593,0.9525277292986313
0.27500685571964123,-0.5206812368661207,-0.7143452966554512
0.3341197281838717,0.7474179833570957,0.40163205286709747
-0.8044178072488464,0.3096764041515203,0.8975117117509264
-0.9100974370198525,0.8255862709812516,0.986436846990334
0.9013215022218368,0.86930667046324,-0.032009363108144936
0.8564085178472072,0.008183339119181454,-0.7501078703660127
0.9808042033452433,-0.6179292561975691,-0.9996097836876822
0.6131769142234464,0.7334042380686063,0.119937893270454
-0.6536765421950672,-0.09988936335619303,0.5259121356675244
-0.36125263865302926,0.9971414521739526,0.9775273233579531
-0.37445539673420014,-0.11959135814640809,0.25211384143511784
0.020602228047963633,0.10198793483966173,0.08129589169610374
-0.3391613022181499,0.3950307149171335,0.6699875502740417
0.7072451246341118,-0.4306888129713926,-0.9077687811268579
-0.5610292487632949,-0.23819104337239527,0.3172594150994732
-0.7132207370636072,0.6812568878012841,0.9844960860272188
0.7629218688741741,0.44055427662560276,-0.316813079284483
0.6060360880149593,0.6194065612022754,0.013370074818623848
-0.297163972822001,0.3925462983405683,0.6363137032974397
0.9945325939161356,-0.8238477807444853,-0.9695073095679639
0.3709687910739965,-0.7577486589224975,-0.9038642331413812
-0.3088670173523096,-0.04069825868603316,0.2649660933391274
-0.4976632833560839,-0.9553778927937411,-0.4418991194547487
0.03363447590449553,0.8573663554581545,0.7336866998912068
0.07689644502044368,-0.4871485503995452,-0.5346089859935313
-0.5671411779700033,-0.9706092670867115,-0.3926103156245395
-0.3345923409169862,0.29914683027279865,0.5921619855516401
0.6737622614787693,-0.9845330105911414,-0.9961744089704243
0.7708896894984836,-0.23934747223476704,-0.8469579578120422
-0.9225054223808629,0.4626499038381391,0.98281813886911
-0.8072881067069568,-0.5717394044030331,0.23337657129381928
0.21704481977286894,0.07368862007528576,-0.1428656851207539
0.5442288561682005,-0.599175802911295,-0.9100499939886231
0.29450558102439084,0.48054595344650775,0.1849690535618845
0.5197419238979344,-0.027875422134190808,-0.5206544762599643
0.14968456628747862,-0.20937951272009792,-0.3513981536319828
0.20219122538299428,-0.5111587070596355,-0.6543705698703369
-0.31091628180411823,-0.7470548218951021,-0.4224426359125027
0.7837120380778688,-0.7349218456745046,-0.9986398482152817
-0.6585638524163671,-0.3829504878514258,0.2721372033515683
0.5226797673730816,-0.029081916678629804,-0.5241882959202895
0.22970122012300687,-0.9504514347557929,-0.9246641516674063
0.5955800731864282,-0.7834992401907261,-0.9816785144796594
0.7237411142717161,-0.23849772460621632,-0.8204735330135647
-0.9331815389878517,-0.22224462724980154,0.6525440029698967
0.5595729723846721,0.39836616877226394,-0.16050947976339738
0.7262090314700695,-0.01455467201920313,-0.6748516859514937
0.23054031337411374,-0.06245864196459916,-0.28882466549546526
0.05087574927573879,-0.1345078519529066,-0.18432357553835868
0.968263527453044,-0.034771076610734974,-0.8431067113892735
0.6811063077152466,-0.38577259585946844,-0.875697720184543
-0.6485261485893952,0.7798013443075942,0.9898684700395208
-0.37486287400570073,0.9462364284600708,0.9689873346197326
0.6111951425836704,0.3126808337917766,-0.2941005460131877
-0.04751688045318425,-0.559628165222263,-0.49001876966994223
-0.12982544292092424,-0.2566206763207175,-0.12645575791512398
-0.43479279906220025,-0.8562328015024097,-0.40907488013993687
-0.6689883624284796,-0.999594405494566,-0.3246163112537027
-0.10716942901368043,-0.11821663336331834,-0.011046979649539644
-0.10107121867573765,0.40121709474027356,0.4814324655754396
0.4763147896290605,-0.03900559733430309,-0.49281365419506223
0.698411201997019,-0.0019855993076349776,-0.6445211268910482
-0.06363263153932586,-0.17247464214205177,-0.10862723686860117
0.6803121432805614,-0.5265696394239487,-0.9345106635106708
0.25056815295311186,0.7730957811922727,0.4990720725140402
-0.5840018893413526,-0.3243904644231663,0.25670501742841495
-0.8753250126362984,-0.18667504362275888,0.6354953964487715
-0.16293157253573032,-0.4360690395367848,-0.2697539183009272
-0.8543359297910493,-0.7708991529981708,0.08334000024346219
0.7470091148715463,-0.1028105136394819,-0.7511613507771876
0.8428537796679356,0.7736131812633433,-0.06918528542155436
-0.9204580341161823,-0.8986934068022727,0.021762909040900655
0.9422416625635297,0.7857838529795391,-0.155820267414689
-0.33293931421481493,0.13086487892991183,0.4473536431328634
-0.7015132242539035,-0.6666021370307931,0.03490399614276272
-0.9554768914228606,0.1167351775678318,0.8782604251477691
0.6365455026519609,-0.7044106712414642,-0.9737028241117652
0.7349763332475814,-0.18855037741085345,-0.7977332202936758
-0.8383057044327944,0.9780886372841417,0.9699920992084766
-0.22059334123136765,-0.8728307613202109,-0.606966063337545
-0.33411882877663235,0.6994886909475115,0.859150625774241
0.6556758556695739,-0.18412738276120733,-0.744511774524227
0.07831502179709315,0.12356145302888821,0.04523099443151684
-0.36269521226541923,-0.010150154992507376,0.34528745170109326
-0.1590356834090194,0.9934478669860358,0.9137756233899524
-0.7936643996314647,-0.8727483939451388,-0.07900158453888304
-0.04441519237233771,0.10361959681428212,0.14749470154109415
0.2350583916233575,-0.5703057700359011,-0.7210829997349023
-0.5799274702996808,0.5372490020791674,0.8988666944532321
-0.9334368405610265,-0.5219567629367041,0.39996630089482543
-0.7863065631673163,-0.5866818878267126,0.19830147365604842
0.3831004037405612,0.7947655473605699,0.40013591255302955
-0.5933949190162915,0.9992160625793525,0.9997620698536865
0.686775444053261,0.5996448531357541,-0.08702038729414055
-0.6672701192274619,-0.2115766382176516,0.4400851350486133
0.45437461180015615,-0.9273628256065685,-0.9821815373260016
0.4546334517049915,-0.1927856379722399,-0.6031297715216918
0.14303529573362384,-0.99159078204615,-0.9063762663333639
-0.013923833849586842,0.6165690681570961,0.589542964739383
-0.47211494164924117,-0.10502506345772367,0.35890071842852256
0.48514149640525095,0.11881362102089321,-0.35818937936486506
0.21060490308371183,-0.7187288853747253,-0.801221479119685
0.8506736806357753,0.281348951115455,-0.5390634148683707
-0.35948840834453555,0.3547219251357814,0.6550209404945677
0.6751514232818285,0.7034758656469695,0.028320655189616167
-0.9520683957874905,0.011953330144389263,0.8214914773759177
-0.561007476829402,-0.7632105204417416,-0.2008279763517371
0.3616884304604697,-0.11719601248473044,-0.4607893949684688
-0.04151009023154728,-0.25721948520294124,-0.2140404367012653
0.25012195531603565,0.23111288386959639,-0.01900792666227791
0.1825262404674426,0.8341409490720355,0.6064710595907399
0.46668844998659287,-0.8285068876786001,-0.962261827072568
-0.4254027694162523,-0.00729405063524835,0.4060328168569254
0.17888959581000763,-0.5284726766456334,-0.649831153732096
-0.22247200065459638,0.5725048130370385,0.7138473677246211
-0.4024806869039761,-0.8854456728816171,-0.46440706941478943
-0.6943404586957325,-0.07266214215512523,0.5824002872577527
0.38303458897924303,-0.15988308086708725,-0.5166363104929077
-0.5988157771404659,0.7132748368891106,0.966721904680012
0.28847854966011965,-0.5375013243367948,-0.735212329827099
0.7901810686508748,-0.6426063055810756,-0.990491870248754
-0.03337939354209585,0.8640858251788581,0.7817487495224913
0.37739910975853164,0.02714769534288508,-0.3431339684574887
0.5548105283608846,0.9715889881972593,0.4048167895208406
0.45791897739448606,0.00600917200823714,-0.4366844185549879
-0.2447080184319752,0.6633808566403125,0.7883293538121409
-0.1799263603913568,-0.12284696580172993,0.057048404982109446
-0.6260522508578994,-0.2231822505479224,0.39206018021876393
0.9799584435177975,-0.7876698416503707,-0.9806910512893526
-0.3084962347818372,0.022335632072104428,0.324829897452829
-0.547645826409662,-0.7628993671611017,-0.21359512476995754
-0.10666901901223036,0.019082271795081818,0.12542012711595968
0.12503107724864782,-0.9809134502920129,-0.8938880123843617
-0.17576932653186517,-0.6307397440758504,-0.4394357408462098
0.9580323468559804,-0.5496394799559374,-0.9980083102403327
0.1393692314775874,-0.04707940313785364,-0.18537025549769923
-0.0760935238410132,-0.6422115493799259,-0.5363597528098188
0.7782035777016421,-0.6402197865284291,-0.9884136833151207
-0.04265883794282854,0.2682987602091791,0.30597044930219236
0.28216041429037597,-0.7864862388107905,-0.8765499265194031
0.3162726239420681,0.38919171675334896,0.07285448916087826
0.9066333538005968,-0.9263571171151961,-0.9658235805761362
0.32211325081471953,0.33232250931472707,0.010209081150867308
0.2930946881341978,-0.08407020347018923,-0.3682861173364174
-0.10449145337746457,0.11916604360250171,0.22179749743832847
-0.7968859148703009,-0.149843762856136,0.6028290669643651
-0.047934307431461765,0.2826220144997247,0.32456928232655624
0.4858766032791071,-0.4905310530753395,-0.8284909996388489
-0.030125549887678904,-0.9747389155631205,-0.8102704049120455
0.15572742989940536,0.6311898854174409,0.4577496565861931
0.4189539651233867,-0.33141180845837437,-0.681906346877338
0.1455132378127748,-0.15608449852216943,-0.29704620463649406
0.701498671304204,0.5546835703417863,-0.14628824382468303
0.21160215271688876,0.1342012979720102,-0.07732359452707842
0.8623958137619847,0.6499072408487059,-0.21089315308140175
0.9414782519730556,0.7083102881197483,-0.2310609143306598
0.39285906251410463,0.4889035384609075,0.0958968829969885
-0.5324801020284271,-0.9707123413651397,-0.4243394159732172
0.4944924396868777,0.584827311359817,0.09021206051020293
0.5548362627896093,-0.2645689813689258,-0.7307399453868595
-0.26850795404714156,0.1267223360407368,0.3850207355624176
-0.19923777562969458,0.7893078027690916,0.8352270682559154
-0.713497980615579,0.35532252599300773,0.8766335908681483
0.6402391627365553,-0.537482825509235,-0.923735862885838
0.3680327524586142,0.4183243482474308,0.05027039851174484
-0.1765006014304964,-0.6812232685540272,-0.48356470706699883
-0.24997137192037489,-0.9321129216586306,-0.6304567915021186
0.4436923446838339,0.568142048961163,0.12412871240312819
0.20867352211664913,0.4229207370887993,0.21261191471769972
-0.40683184506491377,0.8570337063737523,0.9532653763462631
0.8051222369894231,-0.4823855907020329,-0.9601414481153816
0.12160421636146213,-0.8607185307491343,-0.8317889515099578
-0.19128260517827433,0.7892176695892212,0.8307759308791226
0.055150220164457364,0.23707227051989088,0.18092023868856064
0.8600978022348176,-0.3704322798166977,-0.9426658429299496
-0.10260206561328755,0.11675377644995888,0.21760094576086145
0.5432338346713395,0.43272665794763165,-0.11028239809379528
-0.3892833252093255,0.22203985524721692,0.5739515005324984
0.1517254919495492,0.8621043977884708,0.6521210719657217
0.4452861000999928,-0.5482565962121853,-0.8379645697310899
-0.23100032544106996,0.5645851648038454,0.7142734924549918
0.28294920339976515,0.06783117889193813,-0.21346273397265764
-0.5286958686641345,-0.41944832344893657,0.10903036280837218
0.4415325100096177,-0.6239442390011394,-0.8750198156283374
0.33345756980908514,0.9363792349296247,0.5670514143150145
-0.9348543624238348,0.9819712503432165,0.9407268530707003
0.20446954282170826,0.2010573661852979,-0.0034121700151142267
-0.14383720808946854,-0.4453862341393442,-0.2969996926299898
-0.19701732325730315,-0.2128847048643332,-0.01586671578358722
-0.550673034876592,0.5456878112510666,0.8895507563036813
-0.84601024018226,-0.6618366155017101,0.18313419655418944
-0.6055030420277021,0.37816989735017703,0.8325376740389939
-0.601218498971611,-0.19901561193253858,0.3914463891265008
0.43780153726382465,0.2599695245904925,-0.1768961937048512
-0.23898563241130066,0.8378345558950278,0.880454615143464
0.6930840494936465,0.5219988905234689,-0.1702517653957545
-0.03291068149607912,-0.16714692000977815,-0.13383345955203932
-0.4987544639165822,0.24756599401311785,0.6789418717645295
-0.31977610721789906,0.7523597739926473,0.8782239909259152
-0.7722617849433102,0.127165081286283,0.7829705153276342
0.2132816149024479,0.7296988715294508,0.49376778209461225
0.5645852699266554,0.050291571034937865,-0.49192003751965524
-0.46744305555676613,-0.45085343284379786,0.01658886176966183
-0.3209782565033217,-0.5638706227237211,-0.2405110933734349
-0.7257885075277815,-0.5270869485874472,0.19739660499358955
0.3048178930598555,0.013088916512999926,-0.2876085780593616
-0.4369826265010113,-0.15466580683972286,0.27858149701692303
-0.27747338791488896,-0.6530800265372982,-0.36683694351727203
-0.11533594947751324,-0.6853777546425606,-0.5396672440716292
-0.019338557574650306,0.6901220927795946,0.6514246540236166
0.4248603926816006,-0.04676483955429522,-0.45433469214143424
0.7181205903749186,0.7789710122150295,0.06081287623359152
0.2990995182154339,0.2913617452435173,-0.007737695758032493
0.29606083177058307,0.5621277489494698,0.26293879265532893
-0.21678160363560894,-0.7158097849508245,-0.47857246121507424
-0.7811395162425856,-0.1549502872775732,0.586061279803006
0.9088094641613107,-0.2769238520956572,-0.926774766650123
0.6153718453193013,0.45124762803070206,-0.16338837996870967
0.5231822336976637,0.0018986143518406884,-0.49799367767620717
0.4275941707747408,-0.7388774672249188,-0.9193682728531944
0.7392974120461675,-0.9476814662587334,-0.9932583958807178
-0.8759647218893094,-0.31844444047347964,0.5290836126974398
0.5236362166767767,-0.3712434795108135,-0.7801338232262001
-0.8691598581374935,-0.9006812760609677,-0.031516198237101015
0.7551074614376758,0.676467568502944,-0.07855886342702528
0.7213350746513263,0.6393453957973718,-0.08189784975322054
0.9095514067655193,-0.3254527061224457,-0.9441495577940454
-0.5423522979776592,0.999982894465004,0.9995950092548953
0.7674536724974113,-0.7967524481872024,-0.999978284670305
-0.7518773859551569,-0.06285505920934686,0.635782851525412
0.08584516065488002,0.07192591547286797,-0.013918795721443325
-0.02921481419543115,0.09336257638962331,0.12227066246625741
-0.9413428035190841,0.9828650457065644,0.9381974451224603
-0.8504215137725573,-0.036454663033816725,0.72701660591542
0.6620198521812803,-0.18220134750375117,-0.7474539712619767
-0.95979294429409,0.30606744107157446,0.9538661869622734
-0.499348879617586,-0.6059723116712747,-0.10642152111195576
-0.4649923612777551,0.013114015615997232,0.46009871453879947
-0.5275887982572272,0.6686134738158507,0.9306562318420362
-0.3436365153189882,0.8365094120753953,0.9246615899302468
-0.07574642819836774,-0.6291491962805984,-0.5255851405148644
-0.4409844540386838,0.9850646477077296,0.9895423983265935
-0.843500429240504,0.5609622020825322,0.9861984155286619
-0.8936712037329024,-0.8194433125206728,0.074159746764966
-0.05230306029690812,0.024459892535648065,0.07668758677274788
-0.38732263845045445,0.39011630940201325,0.7014564281480727
-0.8575721069801605,-0.7133537315892173,0.14371896348455587
0.4770462284275243,0.6936054391483906,0.21487048041295742
0.6717258503099943,0.005790160093815722,-0.6177951728348282
0.013759929587378927,0.8737435980225308,0.7578319074693909
0.14206334263274178,-0.5152201852707576,-0.6109686005985325
-0.8251540607623387,-0.24426727032027706,0.5487654882954845
0.9191161031259936,0.41071407872225163,-0.4867819997649411
0.03492670638761752,0.8149351482705451,0.70328542062421
0.6689042955261923,0.1431772484755558,-0.5018420033680306
-0.38259673910797365,0.587940294057709,0.8251891789702125
-0.8889098029105318,-0.780613524827189,0.1080847175431703
-0.3251317139162122,-0.08571663717010436,0.23713442762743475
-0.3998602135457108,-0.6744260420155359,-0.2711290537545417
-0.8848290855782337,-0.2545560288095283,0.5893653733566564
-0.1943970701984601,0.9900161286700602,0.9262781000063428
-0.49383502030900917,-0.9130901413643264,-0.4070801992743582
-0.60245985066654,-0.7610017891892207,-0.15787859970231993
-0.7172891922912319,-0.5460080377260987,0.1704448963007289
-0.28769818743421505,-0.8279118885823715,-0.5143192732418815
0.9494278008124204,-0.0334911761988439,-0.8321197660982821
-0.8309079108810231,0.7257473144616606,0.9999000162910272
-0.4501892909526102,-0.8768968537416313,-0.41387583571090814
-0.2749961740382869,0.9107677859437022,0.9267862765354101
0.4565822325996274,-0.5394399279650441,-0.8393150972807473
0.7363044296623427,-0.9862213641296735,-0.9885111510121463
0.7264894589730917,0.25571546542601964,-0.45357621775762275
-0.6227662095673716,0.21817546520447118,0.7452713226255737
0.39617703301360185,-0.10433357952454259,-0.47987358074493935
0.2970413385627839,-0.3052206758049718,-0.5665079482671033
-0.52718646776166,-0.8598673782491395,-0.3265781157036451
-0.16850956776711823,0.1707633531395878,0.3328015468458246
-0.8571494189667443,-0.4964657512331745,0.3529139933587836
-0.6550469514576054,-0.5144906725926848,0.14009392925568584
-0.33822971674847735,0.49238575543157226,0.7383465985726397
-0.9706768227310745,-0.6766997800791206,0.28976093039108963
-0.4203474775325826,-0.40523410261140724,0.01511279957642069
-0.6893339810961805,0.2751443782355829,0.8217517735799315
-0.4807745585349896,0.08123476404291075,0.5328875332999726
-0.5866610210572525,0.9042050574493503,0.9968072780644394
0.3957541970044014,0.6187221793305973,0.22112510402739644
-0.530083156776133,-0.4803578322314799,0.04970483520619682
-0.367083860438008,-0.581364727353074,-0.2126447971465008
0.2367026940250161,0.9478921163838825,0.6527353222973783
-0.3961909796466003,0.3063597141614687,0.646166467702002
0.847127616987239,-0.7702234295259691,-0.9989165247456283
-0.585445150101001,0.6269021177738343,0.9364420544272726
0.0680247484142058,-0.7755798143565653,-0.7470441888923932
0.016158083031806214,-0.49226298429576887,-0.4867986341179336
0.9195425767154624,-0.1695435042154556,-0.8862038700356867
-0.7420201647316134,-0.7224598934396971,0.01955902400874332
-0.29695612854221354,-0.4060891921689085,-0.10891656299681421
0.8873762129141629,0.09126209567350152,-0.7146433610607178
-0.8828117639157511,-0.8184583874207583,0.06430896730662425
-0.06929414877785156,-0.055437178948923416,0.013856526374093379
0.5826864021921925,0.9977796537437464,0.4032752646492015
-0.5501066863561399,0.5913946848834268,0.9092594361761095
-0.8102761060103845,-0.8881299862497973,-0.07777525573538618
0.10219754202684017,0.2263759578079798,0.12385951745378981
-0.005039565072516572,-0.7322364552091005,-0.6647782120846335
-0.04207431439884157,-0.14884620132909965,-0.10656913175562231
0.9980619072194774,0.13640559455449108,-0.7589221633211478
0.8728520162895299,-0.9285045310555993,-0.9735385245272138
-0.7556457577534013,0.9671723737453872,0.9884669225264635
0.6499836185644854,0.6975108915677086,0.047509382259768175
0.10691685582643085,0.6139443599485821,0.4855808645518225
-0.7753620231662837,0.7708656343840004,0.9996982054269903
0.5024584191371553,0.40574601734041926,-0.09656170911908618
-0.6269978078848932,0.09408523052434381,0.6601985195733326
-0.9910919886064182,-0.3149019935244579,0.6258259114858975
0.21131155049367867,0.9755942867546508,0.6920193990570013
-0.2654518108959878,0.1402339211108572,0.3946489256132917
0.5016446763242937,-0.3812444906879908,-0.7725764956189319
0.03922103292361112,0.2118065311097499,0.17173000838021976
0.6508763225888681,-0.7867771941700088,-0.9911495819502757
-0.2578099881611964,-0.26501192709969823,-0.007201876680392489
0.5963654367579907,-0.15215957633918653,-0.6805587874342698
0.09261044900840343,0.2577194931877389,0.1643598931937759
-0.070940248077064,-0.8966236234018221,-0.7350113197796623
-0.13324630311407115,-0.6372520806976578,-0.48293708327002427
0.38820958585045107,-0.5745983732360573,-0.8207987573301037
0.664624402731042,-0.9766183435201237,-0.9975196770053055
0.9993823133395372,0.9052323929412012,-0.0940108879613365
-0.5969295020610836,0.8213818816633889,0.9883966802659783
-0.4243484350628166,0.11066164258184275,0.5098497088843637
0.737092654349474,-0.6299575406198676,-0.979315461203198
0.6453368263686248,-0.6021967564394382,-0.9482040172117885
-0.3022527195219824,-0.8461518291988404,-0.5174763751843646
-0.12444548900715713,0.09010256632262736,0.21290586725299432
0.6235030333522502,0.4321993039457168,-0.19013900190979463
-0.3754436899634359,0.13424646131976203,0.4879068046874167
0.3983803634764951,0.4153077832347991,0.016926611379683897
0.14554860493053123,-0.25814864610836485,-0.3928210666610298
-0.24401645503017666,-0.3247475340428414,-0.08064341335526021
-0.09594561838996651,0.8785782812631888,0.8274346220641888
0.7310701355725435,-0.2999680869996597,-0.8578330235941564
-0.3274138365958801,0.35351734967234827,0.629516816336409
-0.16018654202363858,0.671596446354426,0.7391334931501014
0.5369667997521168,0.31993491693743925,-0.2153320880732126
-0.610695101898014,-0.6563882746388028,-0.04567727419668065
0.31370401444820084,0.3687536821064754,0.055021867514119055
0.3365221189047787,0.24678779997584166,-0.08961394024018624
-0.5074482510978706,0.7228716227457685,0.9425956676189534
-0.8793371155196685,-0.3747649872894574,0.4834329335977973
0.13931434774156304,0.47420519479956424,0.3286660827518195
0.6097116304101877,-0.8191019149507586,-0.9899373664190334
0.5786252867960335,0.00885143444789005,-0.5394416410078272
0.7695447744979891,-0.9104072473085212,-0.9940484300414633
0.27186643373851127,0.7088672826776916,0.4232240665818801
-0.07298790795419197,0.1524665653339934,0.22354935695877862
0.3005445692676125,0.9201197188068504,0.5806893314725732
-0.12587073165199514,0.09374336200392097,0.21785300182356296
0.24476489059672213,0.4315273052626689,0.1856785882164454
-0.3215642012132649,0.35491383099388085,0.626050543756964
-0.1906146637415791,0.5629268246717667,0.6842257476579815
-0.4637443831644936,0.51003404043789,0.8270157611198999
-0.2648599444771196,0.9651122057041646,0.9424794931060873
0.8596251311879446,0.7109602034159053,-0.14811791887921408
-0.6432243446459862,-0.22418634697475115,0.4068818708274736
-0.9498507735486188,0.6640705530165469,0.9990702613021446
0.6489190957641346,-0.2555674819113125,-0.7861079177485051
-0.5618857883932751,0.6399264369380882,0.9326942290268407
-0.2575998075383741,0.21004624409330108,0.4507863268626138
-0.16668003399631237,-0.5461301054338643,-0.37040971414353796
-0.3785996555219848,0.09024061534649319,0.4518520033347104
-0.12216917482155121,-0.3408864294350731,-0.2169776159319805
0.8578673693844643,-0.30144235114540563,-0.916527234493099
-0.958774777705675,-0.05469204404102945,0.7858582420036148
0.02783160024084852,0.7500953869452753,0.6610849087481975
0.2896125294385625,-0.6827203894869189,-0.8262022653933504
-0.7822162153255257,-0.1552310821298506,0.5867059888303366
-0.6162630548892527,-0.6194594355713852,-0.0031963752393118637
0.010088657025291159,-0.027133194745797784,-0.03721325742990834
-0.13460614428885376,-0.9831123053802424,-0.7502936587431287
0.2619559115994312,-0.4850733329142163,-0.679462086637959
0.8647003448035524,0.9499735036762094,0.08516985231189242
-0.9005427760432385,-0.7504806365992893,0.14949957387002216
-0.15537814252369642,-0.8801668128794944,-0.6629772477401107
-0.3473122205431889,0.4126642428680485,0.6889043847526265
-0.47658956541506736,0.7280818429312492,0.9337216313633638
-0.3036671967520861,-0.7939436914011591,-0.47086983049264897
-0.24509014305076104,0.1743566440925728,0.407255258147862
0.15749727606130293,-0.6583243546922215,-0.7282888834656528
-0.9930512300017007,0.24533495667427263,0.9452586075090805
0.6560083218878525,-0.07652868443747529,-0.6687579990288308
-0.472582854408381,0.5272029824830151,0.841355252689985
0.7454341706834009,-0.4659160268344624,-0.9360917944983951
0.17568866631241575,-0.5626998092576221,-0.6730969764537248
-0.03732346443299117,0.5669378478475644,0.568154348940195
0.6155678543549985,-0.4014400637823139,-0.8505382562469808
0.550800734042139,0.8157162828816367,0.2618277640339615
-0.10917539973189117,-0.23947169096025034,-0.1299279280166863
0.8711039835232381,-0.8093146496167776,-0.9939974896282221
-0.07724727063448689,0.6923465559091848,0.6958435849542558
-0.2595709626842031,0.11223581538560379,0.3632993494133419
-0.2105923099512228,0.443049442262474,0.6080815261681504
0.5671475853868737,0.49913116465641627,-0.0679639895526399
-0.665587966679341,0.16417645293747607,0.7377723631443741
-0.28529874845563463,-0.42800340095072675,-0.14222079115509348
0.7845305657930224,0.4759556639834237,-0.30370115828324096
-0.3584850132266324,-0.008537016472200287,0.3428489565619517
-0.742275499115888,-0.2783901236529851,0.44742624764562283
0.27394668767715613,0.3240763952510495,0.05010871432309012
-0.4792843950338128,0.286359681771718,0.6930014805313574
0.14678076614648417,0.31355325310477844,0.16600048572872386
-0.5873271795322463,0.2723989251765442,0.7576638349210171
0.5539795110867021,-0.5599579865941948,-0.8974425914497568
-0.7802185927035152,0.04102999823576936,0.7319970748030308
-0.2913704105085373,0.10160277828780795,0.38293665992272424
-0.030797026923993887,-0.26385982386251094,-0.23095859203010569
0.04857334801714952,0.12121447676376995,0.07257726095232417
-0.2497852595239447,0.9084539342141684,0.9160985283455714
0.29338222962629046,0.4691317163361357,0.17484612807733224
0.12639276806298927,0.8595434473187924,0.6692141267195013
0.8167073932030053,0.8202616609404276,0.0035542602540234274
-0.5822361142412926,-0.9719378443127191,-0.3799125256563097
-0.05757699503954461,-0.8013165784965646,-0.6770447552184872
-0.28156395124033273,-0.26598921229166983,0.015574109289089928
-0.17434926439667908,0.5504501648093134,0.6629853022024588
-0.9185894795065921,-0.7375708071806713,0.18003169470648028
-0.8295646151075569,-0.480003584735728,0.34248541834098983
-0.9731705484979996,0.4518621931083513,0.989395285132132
0.810449860726183,0.9466467220854977,0.13577618583965584
0.219364950926344,-0.809908183282378,-0.8569245585444002
-0.35546693898632586,-0.7842806038301198,-0.41579217130742996
-0.04750233061805287,-0.737252104867302,-0.6363441766831378
-0.36251126422096003,0.822488711513911,0.9264990619119572
0.08517878551126801,0.7711701642562447,0.6334404430680611
-0.7079119908480214,-0.7487887168735685,-0.04086534344377712
-0.5499608695846081,0.03152339269179261,0.5492648626351949
-0.6919172692973095,0.15212167558441614,0.7473328845038928
0.7483530445463553,0.21116872276961618,-0.5117189251431747
0.71967761452241,-0.0850042220392766,-0.7206100838650386
-0.728066227529891,0.5576232000529671,0.9596315916642174
0.5275124132334152,-0.48422866657507235,-0.8477565725877819
0.9406707253074094,-0.9777379348381816,-0.9401887600703271
-0.9798663240132852,0.9034577745319614,0.9515594095755404
0.6907599207129522,0.10237071747357374,-0.5550218251520215
0.12647889824855274,-0.35913090636735845,-0.4667477516002781
-0.12627958774397152,0.7008660804796016,0.7360020483596965
-0.9641111069185353,0.3917261047362144,0.9769851160700229
0.883168650827642,0.446599133041907,-0.42283323039485915
-0.7048099123793472,0.8009751854867235,0.9978875142418651
